repo_name,pr_number,state,created_at,closed_at,merged_at,additions,deletions,changed_files,body_length,comments,review_comments,participants_count
freeCodeCamp/freeCodeCamp,62417,closed,2025-09-30T08:06:17Z,2025-10-01T22:33:49Z,2025-10-01T22:33:49Z,9,9,7,761,1,7,0
freeCodeCamp/freeCodeCamp,62228,open,2025-09-15T16:05:29Z,,,854,552,58,950,4,7,0
freeCodeCamp/freeCodeCamp,62450,open,2025-10-01T18:51:34Z,,,197,126,12,1721,0,10,0
codecrafters-io/build-your-own-x,688,closed,2021-12-12T15:33:16Z,2025-08-22T20:40:55Z,,131,23,1,223,0,1,0
codecrafters-io/build-your-own-x,892,closed,2023-05-09T01:19:09Z,2023-05-09T09:01:41Z,2023-05-09T09:01:40Z,1,0,1,156,1,2,0
codecrafters-io/build-your-own-x,1504,open,2025-07-05T23:14:09Z,,,6,0,1,68,1,1,0
sindresorhus/awesome,3654,open,2025-09-18T05:58:09Z,,,1,0,1,1594,6,1,0
sindresorhus/awesome,2763,closed,2023-08-30T11:47:18Z,2024-01-19T11:25:46Z,,1,0,1,9226,11,2,0
sindresorhus/awesome,3564,open,2025-07-29T03:53:31Z,,,1,0,1,9151,5,2,0
EbookFoundation/free-programming-books,12033,closed,2025-10-01T11:41:32Z,2025-10-01T20:01:58Z,,1,0,1,1660,2,1,0
EbookFoundation/free-programming-books,12047,open,2025-10-01T15:12:03Z,,,13,0,1,1873,1,7,0
EbookFoundation/free-programming-books,12003,closed,2025-10-01T04:56:56Z,2025-10-01T18:43:45Z,2025-10-01T18:43:44Z,1,0,1,2087,1,2,0
public-apis/public-apis,4479,closed,2025-08-04T07:42:48Z,2025-09-23T16:18:04Z,,1,1,1,902,0,1,0
public-apis/public-apis,4743,open,2025-09-02T20:06:21Z,,,1,0,1,592,0,1,0
public-apis/public-apis,4482,open,2025-08-05T05:39:26Z,,,2,2,1,130,0,1,0
kamranahmedse/developer-roadmap,9202,open,2025-09-30T06:45:59Z,,,40,1,2,117,1,1,0
kamranahmedse/developer-roadmap,9196,open,2025-09-29T03:16:53Z,,,44,26,1,1012,1,2,0
kamranahmedse/developer-roadmap,9167,closed,2025-09-21T06:00:29Z,2025-09-22T04:24:08Z,,3,1,1,83,0,1,0
jwasham/coding-interview-university,1982,open,2025-02-12T18:52:22Z,,,2007,0,2,24,0,1,0
jwasham/coding-interview-university,1543,closed,2024-09-15T02:57:47Z,2024-09-15T07:08:00Z,,0,3,1,12,2,1,0
jwasham/coding-interview-university,459,closed,2019-10-12T20:09:25Z,2024-05-03T16:00:29Z,,259,255,1,0,6,18,0
donnemartin/system-design-primer,1149,open,2025-09-10T05:22:05Z,,,7,6,1,560,1,1,0
donnemartin/system-design-primer,502,open,2021-01-25T01:37:11Z,,,4063,1,3,111,0,4,0
donnemartin/system-design-primer,896,open,2024-08-27T14:53:38Z,,,10,1,3,571,1,2,0
996icu/996.ICU,25509,closed,2019-04-13T04:38:21Z,2019-05-10T12:15:06Z,,8,0,1,69,446,35,0
996icu/996.ICU,25417,closed,2019-04-10T13:25:51Z,2019-04-15T12:24:54Z,,4,0,1,1050,82,1,0
996icu/996.ICU,26079,closed,2022-05-10T20:25:53Z,2023-06-16T19:07:36Z,,1,0,1,0,9,1,0
vinta/awesome-python,2762,open,2025-09-17T09:54:08Z,,,1,0,1,1452,0,1,0
vinta/awesome-python,2732,open,2025-07-08T20:33:04Z,,,6,0,1,0,0,2,0
vinta/awesome-python,2748,open,2025-08-22T06:29:52Z,,,1,0,1,0,1,2,0
awesome-selfhosted/awesome-selfhosted,2897,closed,2022-03-05T10:29:24Z,2022-11-02T11:06:02Z,,4,1,2,3185,3,28,0
awesome-selfhosted/awesome-selfhosted,4192,closed,2025-03-31T12:46:37Z,2025-04-17T16:13:10Z,2025-04-17T16:13:10Z,5,1,2,385,2,6,0
awesome-selfhosted/awesome-selfhosted,4123,closed,2023-08-21T11:29:30Z,2023-08-21T14:31:22Z,2023-08-21T14:31:21Z,49,49,1,151,0,6,0
practical-tutorials/project-based-learning,712,open,2025-04-28T17:01:52Z,,,0,1,1,125,1,2,0
practical-tutorials/project-based-learning,422,open,2023-03-31T10:11:08Z,,,1,1,1,1044,0,1,0
practical-tutorials/project-based-learning,478,open,2023-11-28T19:43:34Z,,,553,0,13,1270,2,1,0
facebook/react,34623,open,2025-09-27T15:08:25Z,,,31,1,2,2074,1,3,0
facebook/react,34655,closed,2025-09-30T09:19:21Z,2025-10-01T20:11:03Z,2025-10-01T20:11:03Z,88,0,2,344,1,5,0
facebook/react,34633,closed,2025-09-28T14:33:47Z,2025-10-01T16:22:31Z,2025-10-01T16:22:31Z,233,253,56,66,1,2,0
TheAlgorithms/Python,13082,open,2025-10-02T04:54:27Z,,,55,0,1,1635,0,2,0
TheAlgorithms/Python,13063,open,2025-10-01T18:52:59Z,,,121,0,1,1988,0,3,0
TheAlgorithms/Python,13064,open,2025-10-01T18:53:44Z,,,451,0,1,1494,0,17,0
vuejs/vue,11332,closed,2020-04-21T03:58:59Z,2025-07-29T22:39:53Z,,3,3,3,1301,6,1,0
vuejs/vue,13109,open,2023-11-01T08:43:52Z,,,23,1,3,2032,0,1,0
vuejs/vue,11111,open,2020-02-15T02:10:17Z,,,28,1,2,1315,4,8,0
torvalds/linux,34,closed,2013-05-18T02:13:05Z,2025-09-22T18:18:50Z,,4,1,1,90,0,2,0
torvalds/linux,96,closed,2014-05-28T17:04:06Z,2025-09-22T18:18:09Z,,80,0,1,169,11,1,0
torvalds/linux,219,closed,2015-11-04T17:29:12Z,2025-09-22T18:15:42Z,,108363,6431,922,0,0,1,0
ossu/computer-science,1301,closed,2025-01-12T03:33:36Z,2025-01-12T08:12:03Z,2025-01-12T08:12:03Z,19,12,1,173,0,3,0
ossu/computer-science,1292,closed,2024-12-26T05:51:49Z,2024-12-27T05:24:20Z,2024-12-27T05:24:20Z,18,39,3,276,0,2,0
ossu/computer-science,1212,closed,2024-02-17T06:24:47Z,2024-02-18T17:16:59Z,2024-02-18T17:16:58Z,8,21,1,1293,1,3,0
trekhleb/javascript-algorithms,2066,open,2025-08-04T08:46:59Z,,,80,1,1,753,0,1,0
trekhleb/javascript-algorithms,2074,open,2025-08-31T00:22:47Z,,,0,552,8,43,0,1,0
trekhleb/javascript-algorithms,2053,open,2025-05-24T11:14:50Z,,,90,1,5,593,1,2,0
tensorflow/tensorflow,99900,open,2025-09-08T13:59:27Z,,,137,32,10,740,3,8,0
tensorflow/tensorflow,100456,closed,2025-09-17T22:00:44Z,2025-10-01T13:33:37Z,,142,153,7,0,1,1,0
tensorflow/tensorflow,100869,open,2025-09-23T05:21:10Z,,,39,19,2,517,1,6,0
trimstray/the-book-of-secret-knowledge,493,open,2025-08-30T16:38:52Z,,,2,0,1,1115,3,2,0
trimstray/the-book-of-secret-knowledge,491,open,2025-08-08T20:17:42Z,,,1,0,1,242,2,11,0
trimstray/the-book-of-secret-knowledge,492,open,2025-08-23T11:44:54Z,,,1,1,1,170,0,1,0
getify/You-Dont-Know-JS,1020,closed,2017-04-29T16:03:36Z,2025-09-03T19:12:48Z,,3,3,1,69,0,1,0
getify/You-Dont-Know-JS,1789,closed,2022-03-23T11:00:21Z,2025-09-03T19:12:30Z,,1,1,1,573,0,1,0
getify/You-Dont-Know-JS,1741,closed,2021-06-10T02:59:28Z,2025-09-03T19:12:28Z,,1,1,1,838,1,1,0
CyC2018/CS-Notes,1000,closed,2020-10-28T15:08:39Z,2020-11-01T14:30:52Z,,11,17,1,0,1,2,0
CyC2018/CS-Notes,937,open,2020-05-13T01:11:11Z,,,14,2,3,7,1,1,0
CyC2018/CS-Notes,617,closed,2019-03-18T12:45:55Z,2019-06-19T02:53:36Z,2019-06-19T02:53:36Z,3,2,1,0,0,1,0
ohmyzsh/ohmyzsh,13345,open,2025-10-01T10:05:28Z,,,908,0,3,1785,0,1,0
ohmyzsh/ohmyzsh,13327,closed,2025-09-22T23:03:49Z,2025-09-23T09:57:21Z,2025-09-23T09:57:21Z,4,0,1,961,1,1,0
ohmyzsh/ohmyzsh,13212,closed,2025-07-13T15:06:22Z,2025-08-26T03:13:21Z,2025-08-26T03:13:21Z,12,2,1,953,4,2,0
Significant-Gravitas/AutoGPT,11031,closed,2025-10-02T02:54:32Z,2025-10-02T03:30:39Z,2025-10-02T03:30:38Z,31,24,2,392,5,2,0
Significant-Gravitas/AutoGPT,10979,open,2025-09-24T14:24:54Z,,,1235,161,14,1584,8,10,0
Significant-Gravitas/AutoGPT,11028,closed,2025-10-01T02:50:21Z,2025-10-02T01:37:55Z,2025-10-02T01:37:55Z,104,41,5,4456,10,12,0
microsoft/vscode,269483,open,2025-10-02T06:38:26Z,,,8,3,1,344,0,1,0
microsoft/vscode,269453,open,2025-10-01T23:47:56Z,,,2,2,1,567,0,1,0
microsoft/vscode,268892,closed,2025-09-29T16:02:13Z,2025-10-02T04:20:52Z,2025-10-02T04:20:51Z,101,20,6,4602,0,2,0
twbs/bootstrap,41776,open,2025-09-28T04:25:45Z,,,406,326,7,3402,2,2,0
twbs/bootstrap,41766,open,2025-09-24T16:13:02Z,,,373,512,20,527,0,2,0
twbs/bootstrap,37499,open,2022-11-16T09:41:01Z,,,82,0,3,933,4,5,0
flutter/flutter,172997,open,2025-07-30T20:31:18Z,,,294,36,4,3078,2,36,0
flutter/flutter,176255,open,2025-09-30T04:02:26Z,,,17,6,2,466,4,4,0
flutter/flutter,176386,open,2025-10-02T03:48:45Z,,,5,5,2,2842,0,1,0
jackfrued/Python-100-Days,153,closed,2019-05-23T08:36:26Z,2023-12-09T11:30:33Z,,4,5,1,33,0,1,0
jackfrued/Python-100-Days,438,open,2020-01-23T13:29:44Z,,,7,0,1,24,0,2,0
github/gitignore,4739,open,2025-09-30T15:00:27Z,,,103,0,2,2015,0,2,0
github/gitignore,4513,closed,2024-09-27T22:10:09Z,2025-09-10T16:03:58Z,2025-09-10T16:03:58Z,51,0,1,1031,4,1,0
github/gitignore,4519,open,2024-10-16T09:08:11Z,,,73,0,1,256,1,2,0
jlevy/the-art-of-command-line,864,open,2023-05-22T04:08:54Z,,,642,19,19,92,0,1,0
jlevy/the-art-of-command-line,917,closed,2025-06-10T18:59:52Z,2025-08-24T16:42:04Z,,2,0,1,527,3,1,0
jlevy/the-art-of-command-line,912,open,2025-01-06T12:19:14Z,,,21,0,1,0,5,1,0
AUTOMATIC1111/stable-diffusion-webui,17085,closed,2025-08-06T04:51:48Z,2025-08-07T03:37:08Z,,2,1,1,639,0,1,0
AUTOMATIC1111/stable-diffusion-webui,16832,closed,2025-02-08T07:12:57Z,2025-07-01T17:07:49Z,,2,2,1,1686,5,2,0
AUTOMATIC1111/stable-diffusion-webui,16737,open,2024-12-22T06:57:43Z,,,159,0,5,2985,4,8,0
avelino/awesome-go,5829,open,2025-10-01T13:12:51Z,,,10,2,2,2992,6,1,0
avelino/awesome-go,5828,open,2025-10-01T11:54:41Z,,,44,27,1,2163,10,2,0
avelino/awesome-go,5793,open,2025-08-29T02:15:31Z,,,3,1,1,2964,5,1,0
ollama/ollama,12245,open,2025-09-10T23:32:41Z,,,30490,20726,323,69,1,1,0
ollama/ollama,12090,closed,2025-08-26T20:30:21Z,2025-10-01T22:12:32Z,2025-10-01T22:12:32Z,3274,3805,57,978,7,33,0
ollama/ollama,12412,closed,2025-09-25T17:49:03Z,2025-09-26T18:38:48Z,2025-09-26T18:38:48Z,4,2,1,271,2,1,0
Snailclimb/JavaGuide,2718,closed,2025-09-10T02:28:53Z,2025-09-11T03:07:46Z,2025-09-11T03:07:46Z,1,1,1,16,1,0,0
Snailclimb/JavaGuide,2710,closed,2025-08-27T09:49:15Z,2025-08-28T06:50:36Z,2025-08-28T06:50:36Z,6,6,1,22,1,0,0
Snailclimb/JavaGuide,2704,closed,2025-08-06T11:47:55Z,2025-08-07T07:51:28Z,2025-08-07T07:51:28Z,1,1,1,51,1,0,0
massgravel/Microsoft-Activation-Scripts,505,closed,2024-07-08T10:08:32Z,2024-07-08T10:23:35Z,,31,21,1,230,1,1,0
huggingface/transformers,40944,closed,2025-09-17T16:19:53Z,2025-10-02T06:45:05Z,2025-10-02T06:45:05Z,53,4,2,266,1,3,0
huggingface/transformers,41275,open,2025-10-02T05:08:03Z,,,5,4,1,622,0,3,0
huggingface/transformers,40396,open,2025-08-23T06:49:31Z,,,444,1,2,1940,1,4,0
airbnb/javascript,3153,open,2025-08-22T10:08:25Z,,,21,1,3,323,1,4,0
airbnb/javascript,3148,open,2025-08-16T21:26:17Z,,,266,258,21,389,0,3,0
airbnb/javascript,3061,open,2024-11-12T13:19:40Z,,,83,3,6,285,14,2,0
n8n-io/n8n,20188,open,2025-09-30T08:08:56Z,,,144,9,5,888,2,12,0
n8n-io/n8n,20280,open,2025-10-01T23:40:55Z,,,239,19,3,3774,2,3,0
n8n-io/n8n,20249,closed,2025-10-01T09:35:39Z,2025-10-01T10:40:24Z,,167,20,4,2217,2,4,0
ytdl-org/youtube-dl,32747,closed,2024-03-17T06:58:56Z,2025-07-30T19:11:18Z,,18,4,1,2063,2,2,0
ytdl-org/youtube-dl,33131,open,2025-05-14T16:34:22Z,,,584,254,1,2187,2,15,0
ytdl-org/youtube-dl,31136,closed,2022-08-04T14:44:34Z,2025-07-15T10:14:13Z,,220,62,3,1611,5,2,0
f/awesome-chatgpt-prompts,896,open,2025-08-14T15:58:47Z,,,2,0,1,774,0,2,0
f/awesome-chatgpt-prompts,885,closed,2025-07-09T18:56:33Z,2025-07-30T19:45:42Z,,18,0,2,625,0,1,0
f/awesome-chatgpt-prompts,887,open,2025-07-11T21:07:06Z,,,80,5,2,350,0,2,0
vercel/next.js,84046,open,2025-09-21T19:52:32Z,,,2923,347,57,1046,7,32,0
vercel/next.js,84444,open,2025-10-02T00:00:31Z,,,39,5,2,1803,3,4,0
vercel/next.js,84428,open,2025-10-01T21:32:18Z,,,302,18,15,1114,4,9,0
yangshun/tech-interview-handbook,1,closed,2017-09-25T06:25:27Z,2017-09-25T08:03:20Z,2017-09-25T08:03:20Z,1,1,1,0,1,0,0
yangshun/tech-interview-handbook,717,closed,2025-08-26T06:38:19Z,2025-08-27T00:17:34Z,2025-08-27T00:17:33Z,162,6,4,583,1,0,0
yangshun/tech-interview-handbook,580,closed,2023-04-19T11:55:28Z,2025-07-18T10:22:15Z,,2,2,1,117,1,0,0
golang/go,75687,closed,2025-10-01T09:46:40Z,2025-10-01T16:18:31Z,,2,2,2,12,21,0,0
golang/go,75565,closed,2025-09-21T20:02:11Z,2025-09-30T20:47:08Z,,35,32,1,1351,24,0,0
golang/go,69533,closed,2024-09-19T12:19:57Z,2025-09-30T20:46:13Z,,121,18,2,187,63,0,0
521xueweihan/HelloGitHub,2953,closed,2025-05-09T06:46:13Z,2025-08-23T15:28:57Z,,1,1,1,0,4,0,0
521xueweihan/HelloGitHub,2971,closed,2025-06-11T12:06:47Z,2025-07-28T01:04:41Z,,1,1,1,144,1,0,0
521xueweihan/HelloGitHub,2945,closed,2025-04-30T09:23:29Z,2025-05-07T09:45:07Z,,6,0,1,0,1,0,0
labuladong/fucking-algorithm,1483,closed,2023-08-30T01:56:42Z,2024-04-02T08:32:15Z,,71126,71076,1,308,1,0,0
labuladong/fucking-algorithm,943,closed,2022-06-16T04:15:36Z,2023-08-01T03:31:17Z,,26,1,1,9,1,0,0
labuladong/fucking-algorithm,1406,closed,2023-05-30T10:25:11Z,2023-06-14T09:46:39Z,2023-06-14T09:46:39Z,23,19,1,307,3,2,0
yt-dlp/yt-dlp,10155,closed,2024-06-10T19:46:36Z,2024-07-05T23:02:35Z,2024-07-05T23:02:35Z,471,91,4,2052,11,37,0
yt-dlp/yt-dlp,14511,closed,2025-09-30T11:08:44Z,2025-10-01T08:01:43Z,,11,7,3,3313,3,0,0
yt-dlp/yt-dlp,14473,closed,2025-09-27T12:55:02Z,2025-10-01T06:53:19Z,2025-10-01T06:53:19Z,3,3,1,2878,5,9,0
Genymobile/scrcpy,4154,closed,2023-07-10T21:44:42Z,2025-09-25T19:34:20Z,,156,24,3,365,1,1,0
Genymobile/scrcpy,5526,closed,2024-11-24T23:02:40Z,2024-11-26T19:11:13Z,,131,22,5,371,4,0,0
Genymobile/scrcpy,3341,closed,2022-06-20T08:49:22Z,2025-09-18T17:17:01Z,,789,41,27,1028,7,11,0
langflow-ai/langflow,10041,closed,2025-09-30T03:10:17Z,2025-10-01T17:33:11Z,2025-10-01T17:33:11Z,43,0,3,884,7,0,0
langflow-ai/langflow,9975,closed,2025-09-25T02:27:54Z,2025-09-30T22:32:04Z,2025-09-30T22:32:04Z,622,475,7,2312,3,3,0
langflow-ai/langflow,9458,closed,2025-08-20T19:25:30Z,2025-08-21T23:45:58Z,2025-08-21T23:45:58Z,379,289,13,4954,4,20,0
Chalarangelo/30-seconds-of-code,2123,closed,2025-08-07T16:49:19Z,2025-08-20T14:18:16Z,,24,22,2,17151,1,0,0
Chalarangelo/30-seconds-of-code,2122,closed,2025-07-23T18:40:38Z,2025-07-24T07:20:53Z,,44,0,1,719,2,0,0
Chalarangelo/30-seconds-of-code,2120,closed,2025-07-18T05:55:29Z,2025-07-23T06:20:58Z,,65,0,1,44,1,0,0
microsoft/PowerToys,41961,closed,2025-09-23T22:37:10Z,2025-10-01T21:45:02Z,2025-10-01T21:45:02Z,6098,898,70,7676,29,67,0
microsoft/PowerToys,42115,closed,2025-09-30T18:15:43Z,2025-10-01T10:50:53Z,2025-10-01T10:50:53Z,498,17,8,197,0,1,0
microsoft/PowerToys,42106,closed,2025-09-30T12:35:08Z,2025-10-01T01:32:14Z,2025-10-01T01:32:14Z,1,1,1,379,2,0,0
facebook/react-native,50372,closed,2025-03-28T16:05:03Z,2025-10-02T05:01:11Z,,10,14,4,552,5,0,0
facebook/react-native,54021,closed,2025-10-02T01:35:50Z,2025-10-02T03:18:06Z,,96,0,2,157,3,0,0
facebook/react-native,54017,closed,2025-10-01T22:13:32Z,2025-10-02T00:26:05Z,,10,14,1,116,3,0,0
electron/electron,48433,closed,2025-10-02T05:27:47Z,2025-10-02T06:41:12Z,2025-10-02T06:41:12Z,8,14,1,59,1,0,0
electron/electron,48432,closed,2025-10-02T05:27:41Z,2025-10-02T06:41:03Z,2025-10-02T06:41:03Z,8,14,1,59,1,0,0
electron/electron,48407,closed,2025-09-28T01:34:18Z,2025-10-02T05:07:07Z,,13,5,1,1402,2,4,0
kubernetes/kubernetes,134319,closed,2025-09-28T11:42:33Z,2025-09-30T16:14:33Z,2025-09-30T16:14:33Z,82,41,11,4249,11,12,0
kubernetes/kubernetes,134363,closed,2025-10-01T19:51:50Z,2025-10-02T07:40:57Z,2025-10-02T07:40:57Z,82,42,11,533,3,0,0
kubernetes/kubernetes,134362,closed,2025-10-01T19:51:26Z,2025-10-02T07:40:57Z,2025-10-02T07:40:57Z,82,42,11,533,4,0,0
krahets/hello-algo,1774,closed,2025-06-22T10:35:33Z,2025-09-20T11:30:46Z,,1,1,1,17,1,0,0
krahets/hello-algo,1797,closed,2025-08-13T07:02:53Z,2025-09-20T11:06:24Z,,2,2,2,2142,1,0,0
krahets/hello-algo,1787,closed,2025-07-19T09:44:14Z,2025-08-05T18:33:01Z,2025-08-05T18:33:01Z,822,613,22,1616,0,9,0
langchain-ai/langchain,33202,closed,2025-10-02T03:08:13Z,2025-10-02T05:48:27Z,2025-10-02T05:48:27Z,344,130,12,0,3,0,0
langchain-ai/langchain,32644,closed,2025-08-21T19:49:01Z,2025-10-02T02:15:49Z,,6976,933,58,30,3,0,0
langchain-ai/langchain,33180,closed,2025-10-01T08:01:12Z,2025-10-01T14:32:13Z,,2,0,1,1065,3,0,0
langgenius/dify,25642,closed,2025-09-13T11:18:22Z,2025-10-02T07:31:28Z,,1266,83,12,1111,0,5,0
langgenius/dify,26497,closed,2025-09-30T08:31:25Z,2025-10-01T07:47:25Z,,81,53,15,1235,3,1,0
langgenius/dify,26502,closed,2025-09-30T10:22:49Z,2025-09-30T15:22:44Z,2025-09-30T15:22:44Z,13,4,2,1290,1,0,0
justjavac/free-programming-books-zh_CN,835,closed,2021-04-28T06:04:16Z,2025-09-11T07:01:44Z,,1,1,1,12,6,0,0
justjavac/free-programming-books-zh_CN,881,closed,2024-04-02T05:47:32Z,2024-10-16T13:33:32Z,,1,0,1,0,4,0,0
justjavac/free-programming-books-zh_CN,874,closed,2023-08-28T01:45:25Z,2024-09-14T02:42:48Z,,6,5,1,0,5,0,0
nodejs/node,60072,closed,2025-09-30T03:46:20Z,2025-10-02T03:49:26Z,2025-10-02T03:49:26Z,38,1,9,50,9,0,0
nodejs/node,60014,closed,2025-09-25T18:10:21Z,2025-10-01T23:46:51Z,,0,3,1,2056,8,0,0
nodejs/node,60070,closed,2025-09-29T20:57:24Z,2025-10-01T21:08:20Z,2025-10-01T21:08:20Z,2,2,1,1876,3,0,0
ripienaar/free-for-dev,3857,closed,2025-09-28T12:57:31Z,2025-09-28T19:49:00Z,2025-09-28T19:49:00Z,1,0,1,1547,1,0,0
ripienaar/free-for-dev,3856,closed,2025-09-28T08:06:41Z,2025-09-28T11:27:22Z,2025-09-28T11:27:22Z,0,1,1,49,1,0,0
ripienaar/free-for-dev,3854,closed,2025-09-26T09:32:22Z,2025-09-27T10:31:11Z,,1,0,1,385,0,4,0
d3/d3,3962,closed,2024-12-25T17:50:14Z,2025-01-03T14:50:46Z,2025-01-03T14:50:46Z,1,1,1,124,1,0,0
d3/d3,3941,closed,2024-10-22T20:17:36Z,2024-10-22T22:03:55Z,2024-10-22T22:03:55Z,2,1,2,155,3,0,0
d3/d3,3932,closed,2024-10-10T23:49:45Z,2024-10-11T04:09:54Z,2024-10-11T04:09:54Z,942,480,6,70,3,0,0
open-webui/open-webui,17223,closed,2025-09-05T11:05:00Z,2025-09-25T04:23:56Z,2025-09-25T04:23:56Z,42,7,2,3414,14,0,0
open-webui/open-webui,17919,closed,2025-09-30T09:41:11Z,2025-10-02T06:58:22Z,,1,1,1,3638,1,0,0
open-webui/open-webui,17986,closed,2025-10-02T02:06:59Z,2025-10-02T06:30:04Z,2025-10-02T06:30:04Z,18,18,1,3295,1,0,0
mrdoob/three.js,31995,closed,2025-10-01T19:18:37Z,2025-10-02T03:27:08Z,2025-10-02T03:27:07Z,1801,1135,134,66,1,2,0
mrdoob/three.js,31999,closed,2025-10-01T23:10:22Z,2025-10-02T00:32:09Z,2025-10-02T00:32:09Z,35,7,2,181,1,0,0
mrdoob/three.js,31993,closed,2025-10-01T09:33:53Z,2025-10-01T15:08:42Z,2025-10-01T15:08:42Z,14,0,2,666,3,0,0
excalidraw/excalidraw,7626,closed,2024-01-30T04:28:20Z,2025-10-01T17:34:36Z,,86,39,6,789,1,0,0
excalidraw/excalidraw,9961,closed,2025-09-10T19:32:44Z,2025-09-30T21:54:43Z,2025-09-30T21:54:43Z,39,5,4,358,5,0,0
excalidraw/excalidraw,10041,closed,2025-09-30T16:30:24Z,2025-09-30T18:38:10Z,2025-09-30T18:38:10Z,24,6,4,911,3,0,0
axios/axios,6982,closed,2025-07-29T10:06:46Z,2025-07-30T07:57:27Z,2025-07-30T07:57:27Z,111,15,5,2311,2,2,0
axios/axios,7034,closed,2025-09-15T12:07:28Z,2025-09-16T14:21:06Z,2025-09-16T14:21:06Z,122,0,3,92,7,0,0
axios/axios,6782,closed,2025-02-11T03:34:29Z,2025-08-12T07:29:02Z,2025-08-12T07:29:02Z,107,4,4,371,1,0,0
rust-lang/rust,147253,closed,2025-10-02T03:10:31Z,2025-10-02T06:22:29Z,,1591,338,76,986,5,0,0
rust-lang/rust,147055,closed,2025-09-26T04:53:10Z,2025-10-02T04:58:25Z,2025-10-02T04:58:25Z,56,121,34,958,18,2,0
rust-lang/rust,147210,closed,2025-10-01T05:39:37Z,2025-10-02T01:05:08Z,2025-10-02T01:05:08Z,3736,1519,118,198,15,0,0
microsoft/TypeScript,62522,closed,2025-10-01T19:34:14Z,2025-10-01T20:41:42Z,2025-10-01T20:41:42Z,24,0,1,199,0,2,0
microsoft/TypeScript,62425,closed,2025-09-09T17:10:22Z,2025-09-25T17:24:37Z,2025-09-25T17:24:36Z,16,21,7,118,2,0,0
microsoft/TypeScript,62465,closed,2025-09-18T18:25:11Z,2025-09-19T15:47:27Z,2025-09-19T15:47:27Z,10,10,4,809,2,0,0
denoland/deno,30893,closed,2025-10-01T18:27:56Z,2025-10-01T20:34:43Z,2025-10-01T20:34:43Z,96,36,4,78,0,1,0
denoland/deno,30877,closed,2025-09-30T01:41:32Z,2025-09-30T18:31:48Z,2025-09-30T18:31:48Z,37,39,5,51,0,1,0
denoland/deno,30863,closed,2025-09-27T22:12:01Z,2025-09-29T15:06:24Z,2025-09-29T15:06:24Z,84,14,9,52,1,0,0
goldbergyoni/nodebestpractices,1286,closed,2023-11-06T10:41:53Z,2025-04-15T21:52:42Z,2025-04-15T21:52:42Z,1,1,1,89,7,0,0
goldbergyoni/nodebestpractices,1079,closed,2021-10-12T03:45:01Z,2025-03-19T07:03:44Z,,1622,0,1,309,5,0,0
goldbergyoni/nodebestpractices,1332,closed,2024-11-23T17:01:33Z,2024-11-23T18:36:48Z,,1,0,1,339,1,0,0
facebook/create-react-app,10014,closed,2020-11-04T23:37:10Z,2025-08-04T21:28:32Z,,104,29,4,1329,30,4,0
facebook/create-react-app,12225,closed,2022-04-01T18:48:32Z,2025-08-04T13:48:13Z,,294,69,2,66,7,0,0
facebook/create-react-app,12634,closed,2022-08-04T07:23:32Z,2025-07-22T08:58:05Z,,1,1,1,204,1,0,0
GrowingGit/GitHub-Chinese-Top-Charts,248,closed,2022-04-09T02:59:52Z,2023-01-04T11:38:46Z,,1,1,1,0,1,0,0
GrowingGit/GitHub-Chinese-Top-Charts,162,closed,2021-05-22T11:33:43Z,2021-12-28T05:31:35Z,,2,1,1,0,1,0,0
GrowingGit/GitHub-Chinese-Top-Charts,92,closed,2020-04-06T19:05:55Z,2020-05-05T08:24:49Z,,44,43,1,0,1,0,0
DigitalPlatDev/FreeDomain,79937,closed,2025-08-27T15:04:29Z,2025-09-12T08:49:28Z,2025-09-12T08:49:28Z,1,1,1,80,2,0,0
DigitalPlatDev/FreeDomain,79928,closed,2025-08-25T01:00:46Z,2025-09-12T08:41:23Z,,1,1,1,482,5,0,0
DigitalPlatDev/FreeDomain,79842,closed,2025-04-17T04:14:39Z,2025-04-17T07:22:54Z,,192,0,1,0,1,0,0
godotengine/godot,110055,closed,2025-08-28T14:13:26Z,2025-10-01T18:20:12Z,2025-10-01T18:20:12Z,31,44,2,147,4,3,0
godotengine/godot,52285,closed,2021-08-31T15:12:42Z,2025-09-30T23:39:00Z,2025-09-30T23:39:00Z,241,328,4,1929,27,8,0
godotengine/godot,111143,closed,2025-10-02T01:20:12Z,2025-10-02T07:46:33Z,,7,1,1,289,1,1,0
microsoft/terminal,19303,closed,2025-08-30T03:28:54Z,2025-09-03T16:04:28Z,2025-09-03T16:04:28Z,2,2,1,890,4,0,0
microsoft/terminal,19375,closed,2025-09-24T04:04:01Z,2025-09-25T19:17:09Z,2025-09-25T19:17:09Z,1,1,1,569,4,0,0
microsoft/terminal,19351,closed,2025-09-15T21:51:06Z,2025-09-25T18:37:44Z,2025-09-25T18:37:44Z,122,4,5,1327,1,2,0
microsoft/generative-ai-for-beginners,951,closed,2025-09-19T18:52:57Z,2025-09-30T05:42:05Z,,36,36,19,50,2,0,0
microsoft/generative-ai-for-beginners,973,closed,2025-09-29T23:42:17Z,2025-09-30T05:39:02Z,2025-09-30T05:39:02Z,2529,2416,48,577,1,0,0
microsoft/generative-ai-for-beginners,957,closed,2025-09-22T03:06:08Z,2025-09-29T20:53:06Z,2025-09-29T20:53:06Z,9,9,2,2256,1,0,0
deepseek-ai/DeepSeek-V3,1003,closed,2025-09-26T21:19:37Z,2025-09-30T09:48:17Z,,131,8,3,2448,0,1,0
deepseek-ai/DeepSeek-V3,941,closed,2025-07-27T15:44:08Z,2025-07-27T23:30:56Z,,0,100,1,4,2,0,0
deepseek-ai/DeepSeek-V3,747,closed,2025-03-05T08:27:37Z,2025-07-16T02:07:16Z,,386,0,1,166,6,0,0
fatedier/frp,4985,closed,2025-09-19T16:03:11Z,2025-09-22T16:18:50Z,2025-09-22T16:18:50Z,17,7,1,348,0,4,0
fatedier/frp,4973,closed,2025-09-08T10:46:49Z,2025-09-16T04:42:15Z,,234,0,6,2697,1,0,0
fatedier/frp,4958,closed,2025-08-27T03:31:00Z,2025-09-14T00:38:44Z,,94,10,5,40,2,0,0
rustdesk/rustdesk,13050,closed,2025-09-26T08:37:37Z,2025-09-27T08:55:09Z,2025-09-27T08:55:09Z,113,72,4,650,0,6,0
rustdesk/rustdesk,12962,closed,2025-09-18T14:19:12Z,2025-09-24T06:48:04Z,,56,23,3,724,16,2,0
rustdesk/rustdesk,13003,closed,2025-09-22T13:42:02Z,2025-09-24T06:47:30Z,2025-09-24T06:47:29Z,18,2,1,249,0,5,0
angular/angular,63189,closed,2025-08-15T14:44:45Z,2025-09-01T02:10:31Z,,11,14,4,42,1,0,0
angular/angular,64187,closed,2025-10-01T21:37:55Z,2025-10-01T22:48:35Z,,24,24,3,7156,1,0,0
angular/angular,64182,closed,2025-10-01T19:37:41Z,2025-10-01T22:21:07Z,,24,24,3,6270,1,0,0
papers-we-love/papers-we-love,569,closed,2019-09-09T17:46:44Z,2020-03-29T19:06:55Z,2020-03-29T19:06:55Z,19,1,9,1094,10,0,0
papers-we-love/papers-we-love,817,closed,2025-05-02T13:51:48Z,2025-05-04T18:45:39Z,2025-05-04T18:45:38Z,11,10,1,263,1,0,0
papers-we-love/papers-we-love,815,closed,2025-03-28T18:10:39Z,2025-04-02T09:31:41Z,2025-04-02T09:31:41Z,1,1,1,28,2,0,0
Hack-with-Github/Awesome-Hacking,174,closed,2025-08-09T05:48:16Z,2025-08-22T14:35:57Z,,3,1,2,52,1,0,0
Hack-with-Github/Awesome-Hacking,165,closed,2024-12-28T13:16:34Z,2025-01-18T01:48:02Z,2025-01-18T01:48:02Z,1,0,1,106,8,6,0
Hack-with-Github/Awesome-Hacking,7,closed,2017-04-16T08:40:39Z,2017-04-16T15:18:31Z,2017-04-16T15:18:31Z,1,0,1,0,2,0,0
iptv-org/iptv,27341,closed,2025-10-01T08:48:45Z,2025-10-01T18:51:01Z,2025-10-01T18:51:01Z,2,2,1,102,1,0,0
iptv-org/iptv,26743,closed,2025-09-08T23:53:53Z,2025-09-29T06:46:12Z,,3,2,1,86,3,0,0
iptv-org/iptv,26724,closed,2025-09-07T18:16:57Z,2025-09-26T20:18:31Z,,30,30,3,0,2,0,0
tauri-apps/tauri,14223,closed,2025-09-27T12:08:44Z,2025-10-01T12:41:54Z,2025-10-01T12:41:54Z,504,94,2,417,7,2,0
tauri-apps/tauri,14094,closed,2025-08-26T18:17:52Z,2025-10-01T12:33:15Z,2025-10-01T12:33:15Z,290,48,11,196,5,0,0
tauri-apps/tauri,14232,closed,2025-09-30T20:54:18Z,2025-10-01T10:08:16Z,,6,0,2,12,6,0,0
mui/material-ui,46869,closed,2025-09-06T18:49:01Z,2025-09-28T10:23:04Z,2025-09-28T10:23:04Z,123,1,6,811,11,4,0
mui/material-ui,47006,closed,2025-10-01T01:44:41Z,2025-10-01T15:12:01Z,2025-10-01T15:12:01Z,83,22,23,280,1,2,0
mui/material-ui,47007,closed,2025-10-01T08:29:20Z,2025-10-02T01:43:48Z,2025-10-02T01:43:48Z,544,456,4,1294,6,0,0
ant-design/ant-design,4707,closed,2017-01-24T14:01:47Z,2017-01-25T13:10:51Z,2017-01-25T13:10:51Z,3,1,1,25,4,0,0
ant-design/ant-design,55221,closed,2025-10-02T01:58:53Z,2025-10-02T07:49:21Z,2025-10-02T07:49:20Z,1,1,1,828,12,0,0
ant-design/ant-design,3753,closed,2016-11-07T08:37:15Z,2016-11-21T02:45:56Z,2016-11-21T02:45:56Z,144,20,12,81,6,6,0
shadcn-ui/ui,4941,closed,2024-09-23T11:50:37Z,2025-09-30T23:43:14Z,,44,10,1,12,3,0,0
shadcn-ui/ui,6419,closed,2025-01-22T04:35:26Z,2025-09-30T13:23:05Z,,6,6,2,94,8,0,0
shadcn-ui/ui,8121,closed,2025-09-02T09:38:11Z,2025-09-30T00:39:19Z,,444,54,12,5774,7,0,0
Anduin2017/HowToCook,1668,closed,2025-09-20T08:23:22Z,2025-09-20T10:50:44Z,2025-09-20T10:50:43Z,1,4,3,487,2,0,0
Anduin2017/HowToCook,1665,closed,2025-09-14T03:30:01Z,2025-09-14T05:07:25Z,2025-09-14T05:07:25Z,4,0,1,412,3,0,0
Anduin2017/HowToCook,1667,closed,2025-09-17T06:34:11Z,2025-09-17T08:07:04Z,2025-09-17T08:07:04Z,1,1,1,412,1,0,0
nvbn/thefuck,1526,closed,2025-08-29T10:24:15Z,2025-09-28T20:53:30Z,,1,1,1,1140,3,0,0
nvbn/thefuck,1503,closed,2025-03-29T15:57:32Z,2025-09-06T16:17:19Z,,6535,0,208,75,3,0,0
nvbn/thefuck,1415,closed,2023-11-13T08:47:32Z,2024-05-04T09:23:34Z,,28,0,2,198,19,0,0
ryanmcdermott/clean-code-javascript,440,closed,2023-07-26T04:11:12Z,2024-08-05T16:21:27Z,,371,557,1,27,1,0,0
ryanmcdermott/clean-code-javascript,402,closed,2022-10-12T22:59:36Z,2023-08-04T19:30:45Z,,1,1,1,0,1,0,0
ryanmcdermott/clean-code-javascript,356,closed,2021-07-23T17:31:38Z,2023-02-11T17:28:24Z,2023-02-11T17:28:24Z,1,0,1,161,1,0,0
pytorch/pytorch,164430,closed,2025-10-02T03:26:33Z,2025-10-02T08:05:13Z,,177,0,2,186,3,0,0
pytorch/pytorch,164412,closed,2025-10-01T21:44:12Z,2025-10-02T08:04:08Z,,83,133,4,195,5,0,0
pytorch/pytorch,164215,closed,2025-09-30T06:18:32Z,2025-10-02T07:59:20Z,,80,16,1,672,3,5,0
neovim/neovim,35890,closed,2025-09-23T11:57:53Z,2025-10-02T03:17:56Z,2025-10-02T03:17:55Z,40,9,1,563,2,0,0
neovim/neovim,35970,closed,2025-10-01T03:33:13Z,2025-10-02T00:31:52Z,2025-10-02T00:31:52Z,64,6,2,998,4,1,0
neovim/neovim,35965,closed,2025-09-30T10:47:45Z,2025-10-01T13:56:56Z,2025-10-01T13:56:56Z,2,0,1,681,2,0,0
mtdvio/every-programmer-should-know,95,closed,2017-10-19T15:30:08Z,2017-10-25T18:29:45Z,2017-10-25T18:29:45Z,1,0,1,76,1,0,0
mtdvio/every-programmer-should-know,143,closed,2019-04-22T13:58:16Z,2019-04-24T14:44:15Z,2019-04-24T14:44:15Z,1,1,1,84,1,0,0
mtdvio/every-programmer-should-know,13,closed,2017-09-06T03:30:09Z,2017-09-06T17:00:46Z,2017-09-06T17:00:45Z,3,0,1,0,4,0,0
iluwatar/java-design-patterns,3312,closed,2025-08-19T07:55:31Z,2025-09-15T22:03:24Z,,1,1,1,9018,3,0,0
iluwatar/java-design-patterns,3311,closed,2025-08-19T07:46:01Z,2025-09-15T22:02:50Z,,1,1,1,10103,3,0,0
iluwatar/java-design-patterns,3313,closed,2025-08-19T08:37:44Z,2025-09-02T12:49:30Z,,1,1,1,7046,3,0,0
puppeteer/puppeteer,14250,closed,2025-09-25T14:05:34Z,2025-10-01T17:42:13Z,2025-10-01T17:42:13Z,330,270,623,2251,3,0,0
puppeteer/puppeteer,14275,closed,2025-10-01T07:15:35Z,2025-10-01T17:19:57Z,2025-10-01T17:19:57Z,45,68,2,215,2,2,0
puppeteer/puppeteer,14263,closed,2025-09-29T14:44:25Z,2025-09-30T11:32:29Z,,727,10,13,194,0,4,0
microsoft/Web-Dev-For-Beginners,1438,closed,2025-07-06T16:30:35Z,2025-08-29T23:18:14Z,,1,0,1,1362,3,0,0
microsoft/Web-Dev-For-Beginners,1217,closed,2023-10-08T14:10:54Z,2025-08-29T23:30:16Z,,15,1,2,471,1,0,0
microsoft/Web-Dev-For-Beginners,1218,closed,2023-10-08T14:20:36Z,2025-08-29T23:29:47Z,,15,1,2,477,2,0,0
deepseek-ai/DeepSeek-R1,414,closed,2025-02-15T09:30:57Z,2025-04-09T04:35:32Z,,1,1,1,20,2,0,0
deepseek-ai/DeepSeek-R1,502,closed,2025-02-25T11:29:40Z,2025-04-09T05:34:52Z,,1,0,1,0,2,0,0
deepseek-ai/DeepSeek-R1,179,closed,2025-01-29T20:33:44Z,2025-04-09T05:33:54Z,,1,1,1,94,1,0,0
tailwindlabs/tailwindcss,19041,closed,2025-10-01T14:11:31Z,2025-10-01T16:56:41Z,,11,11,3,7675,1,0,0
tailwindlabs/tailwindcss,19038,closed,2025-09-30T20:47:56Z,2025-10-01T13:45:30Z,2025-10-01T13:45:30Z,14,9,4,0,3,0,0
tailwindlabs/tailwindcss,19011,closed,2025-09-26T17:55:32Z,2025-09-30T19:54:24Z,,11,11,3,7348,11,0,0
fastapi/fastapi,14144,closed,2025-10-01T11:02:11Z,2025-10-02T06:56:32Z,2025-10-02T06:56:32Z,1,1,1,4284,1,0,0
fastapi/fastapi,14145,closed,2025-10-01T11:02:15Z,2025-10-02T06:46:14Z,2025-10-02T06:46:14Z,1,1,1,6419,1,0,0
fastapi/fastapi,14146,closed,2025-10-01T11:02:20Z,2025-10-02T06:27:22Z,2025-10-02T06:27:22Z,1,1,1,6540,1,0,0
PanJiaChen/vue-element-admin,3683,closed,2021-04-28T07:43:51Z,2025-08-21T02:16:25Z,,26,4,1,59,2,2,0
PanJiaChen/vue-element-admin,927,closed,2018-08-01T01:36:48Z,2018-08-01T03:03:30Z,2018-08-01T03:03:30Z,39,26,1,164,6,0,0
PanJiaChen/vue-element-admin,3848,closed,2021-10-15T09:09:50Z,2025-05-07T01:27:12Z,,1,1,1,79,1,0,0
comfyanonymous/ComfyUI,10139,closed,2025-10-01T08:06:12Z,2025-10-01T22:40:29Z,2025-10-01T22:40:29Z,16,0,1,2561,1,2,0
comfyanonymous/ComfyUI,10132,closed,2025-10-01T03:57:10Z,2025-10-01T21:59:07Z,2025-10-01T21:59:07Z,61,0,2,4366,4,0,0
comfyanonymous/ComfyUI,9672,closed,2025-09-01T19:18:55Z,2025-10-01T20:19:55Z,,96,23,1,659,5,2,0
supabase/supabase,39162,closed,2025-10-01T09:13:26Z,2025-10-02T07:37:51Z,2025-10-02T07:37:51Z,28,8,2,259,3,0,0
supabase/supabase,39149,closed,2025-10-01T04:50:23Z,2025-10-02T02:41:29Z,2025-10-02T02:41:29Z,8,0,2,337,3,0,0
supabase/supabase,39019,closed,2025-09-25T16:49:43Z,2025-10-01T21:55:45Z,,1083,7,5,1033,3,0,0
x1xhlol/system-prompts-and-models-of-ai-tools,254,closed,2025-09-29T03:50:05Z,2025-09-29T05:19:53Z,,57,0,2,0,3,2,0
x1xhlol/system-prompts-and-models-of-ai-tools,231,closed,2025-09-14T22:36:56Z,2025-09-15T13:02:49Z,2025-09-15T13:02:49Z,504,0,8,182,2,1,0
jaywcjlove/awesome-mac,1692,closed,2025-09-20T17:18:19Z,2025-09-20T18:49:19Z,2025-09-20T18:49:19Z,1,0,1,989,0,2,0
jaywcjlove/awesome-mac,890,closed,2021-04-12T06:13:14Z,2025-06-24T17:54:50Z,2025-06-24T17:54:50Z,3,1,1,1327,1,0,0
openai/whisper,2635,closed,2025-08-18T15:03:08Z,2025-09-08T10:46:11Z,,3,3,2,15210,1,0,0
openai/whisper,2487,closed,2025-01-04T15:37:03Z,2025-05-13T04:10:40Z,2025-05-13T04:10:40Z,5,1,1,281,8,0,0
storybookjs/storybook,509,closed,2016-09-28T21:23:57Z,2016-10-04T13:18:47Z,,1,1,1,1884,1,0,0
storybookjs/storybook,508,closed,2016-09-28T21:08:23Z,2016-10-04T13:18:47Z,,1,1,1,1824,1,0,0
2dust/v2rayN,8034,closed,2025-09-26T04:50:42Z,2025-09-27T11:11:47Z,,87,0,3,79,1,0,0
2dust/v2rayN,8042,closed,2025-09-27T07:33:22Z,2025-09-27T09:02:49Z,2025-09-27T09:02:49Z,1,0,1,0,9,0,0
nvm-sh/nvm,3651,closed,2025-09-06T16:05:57Z,2025-09-14T19:08:39Z,,23,1,4,402,3,0,0
nvm-sh/nvm,3082,closed,2023-04-09T13:22:15Z,2023-04-11T18:47:42Z,2023-04-11T18:47:42Z,8,3,1,14,0,3,0
ggml-org/llama.cpp,16294,closed,2025-09-27T21:52:58Z,2025-10-02T08:10:07Z,2025-10-02T08:10:07Z,27,6,1,209,3,3,0
ggml-org/llama.cpp,7154,closed,2024-05-09T00:26:51Z,2024-05-17T06:58:52Z,2024-05-17T06:58:52Z,283,193,1,428,37,0,0
florinpop17/app-ideas,921,closed,2025-05-27T02:23:52Z,2025-09-07T23:34:53Z,,27,0,1,495,1,2,0
florinpop17/app-ideas,822,closed,2024-08-16T09:41:09Z,2025-08-20T17:34:25Z,,1,1,1,29,5,0,0
gin-gonic/gin,4373,closed,2025-09-24T15:19:54Z,2025-09-26T00:13:39Z,2025-09-26T00:13:39Z,62,2,2,853,2,3,0
gin-gonic/gin,4166,closed,2025-02-26T04:29:23Z,2025-09-29T09:13:15Z,,3,3,1,0,3,0,0
ChatGPTNextWeb/NextChat,6622,closed,2025-09-08T10:38:01Z,2025-09-29T12:01:07Z,,381,209,2,9794,2,0,0
ChatGPTNextWeb/NextChat,6253,closed,2025-02-18T12:55:37Z,2025-09-28T23:47:15Z,,0,0,0,1565,2,0,0
bitcoin/bitcoin,32326,closed,2025-04-22T14:36:28Z,2025-10-01T21:17:36Z,2025-10-01T21:17:36Z,40,55,5,621,18,40,0
bitcoin/bitcoin,31703,closed,2025-01-21T19:27:26Z,2025-09-30T21:17:16Z,,50,15,5,767,10,60,0
django/django,15881,closed,2022-07-25T21:16:39Z,2025-09-30T11:37:58Z,,74,103,3,0,8,3,0
django/django,19899,closed,2025-09-24T02:47:47Z,2025-09-30T06:45:39Z,2025-09-30T06:45:39Z,1267,4,4,902,0,7,0
opencv/opencv,27849,closed,2025-09-30T08:02:10Z,2025-10-01T05:37:29Z,2025-10-01T05:37:29Z,25,13,1,1121,1,0,0
opencv/opencv,27850,closed,2025-09-30T09:15:16Z,2025-10-01T06:33:16Z,2025-10-01T06:33:16Z,2,6,1,894,1,0,0
sveltejs/svelte,16877,closed,2025-10-01T10:27:15Z,2025-10-01T16:07:13Z,2025-10-01T16:07:13Z,14,22,7,868,1,0,0
sveltejs/svelte,16792,closed,2025-09-18T05:22:32Z,2025-10-01T16:05:53Z,2025-10-01T16:05:53Z,3,3,1,1195,8,1,0
gohugoio/hugo,12873,closed,2024-09-22T03:44:51Z,2024-10-01T15:35:56Z,,80,16,4,1184,8,0,0
gohugoio/hugo,14003,closed,2025-09-25T19:29:07Z,2025-10-01T17:40:43Z,,84,0,6,72,1,1,0
mermaid-js/mermaid,6558,closed,2025-05-02T16:22:42Z,2025-09-30T20:56:37Z,,0,0,0,927,4,0,0
mermaid-js/mermaid,7019,closed,2025-09-29T07:49:29Z,2025-09-30T09:15:36Z,2025-09-30T09:15:36Z,66,2,3,849,5,3,0
gothinkster/realworld,1653,closed,2025-08-07T16:50:07Z,2025-08-20T14:15:32Z,,66,13,2,17143,4,0,0
gothinkster/realworld,1642,closed,2025-05-08T02:23:32Z,2025-08-16T22:37:49Z,,1,1,1,351,4,0,0
laravel/laravel,6674,closed,2025-09-17T08:09:04Z,2025-09-17T14:17:09Z,,21594,9,38,13,1,0,0
laravel/laravel,6601,closed,2025-04-16T08:40:06Z,2025-04-16T11:37:18Z,2025-04-16T11:37:18Z,3,3,1,198,2,0,0
animate-css/animate.css,1834,closed,2024-09-15T18:34:40Z,2025-01-03T13:51:06Z,,8713,634,25,1336,3,0,0
animate-css/animate.css,1813,closed,2024-07-26T19:31:29Z,2024-07-29T19:34:20Z,,5,5,2,5447,1,0,0
macrozheng/mall,915,closed,2025-05-21T06:31:17Z,2025-09-16T06:15:12Z,,23,4,1,0,4,0,0
macrozheng/mall,916,closed,2025-06-09T14:21:29Z,2025-06-10T01:57:49Z,,494,14,25,59,3,0,0
home-assistant/core,153412,closed,2025-10-02T07:11:25Z,2025-10-02T08:33:02Z,2025-10-02T08:33:02Z,344,0,7,4559,1,0,0
home-assistant/core,146675,closed,2025-06-12T19:25:22Z,2025-10-01T10:11:00Z,2025-10-01T10:11:00Z,98,35,2,4624,10,12,0
3b1b/manim,2342,closed,2025-05-01T18:31:05Z,2025-06-10T15:13:29Z,2025-06-10T15:13:29Z,15,3,2,1237,2,0,0
3b1b/manim,2278,closed,2024-12-13T19:05:07Z,2024-12-13T21:23:50Z,2024-12-13T21:23:50Z,7,4,2,383,2,1,0
oven-sh/bun,23122,closed,2025-09-30T06:11:48Z,2025-10-02T00:16:25Z,2025-10-02T00:16:25Z,144,130,39,6413,3,4,0
oven-sh/bun,22710,closed,2025-09-16T09:01:44Z,2025-09-26T10:47:26Z,2025-09-26T10:47:26Z,805,0,6,70,7,13,0
microsoft/markitdown,1195,closed,2025-04-20T20:28:38Z,2025-05-28T12:08:33Z,,2,2,1,92,2,0,0
microsoft/markitdown,5,closed,2024-12-12T21:41:32Z,2025-08-26T22:33:27Z,,183,9,3,1695,5,2,0
tonsky/FiraCode,1649,closed,2025-05-05T06:09:29Z,2025-05-05T12:49:30Z,2025-05-05T12:49:30Z,279,3,14,351,1,0,0
tonsky/FiraCode,1647,closed,2025-04-23T22:14:45Z,2025-05-04T17:05:19Z,2025-05-04T17:05:19Z,4726,4543,1,745,1,0,0
bregman-arie/devops-exercises,10601,closed,2025-09-01T09:49:21Z,2025-09-27T16:26:39Z,,44,1,1,34,0,1,0
bregman-arie/devops-exercises,10545,closed,2025-01-07T00:13:53Z,2025-09-27T16:26:02Z,,34,0,1,0,1,0,0
spring-projects/spring-boot,47355,closed,2025-09-29T19:50:28Z,2025-10-02T08:05:12Z,,38,3,3,337,5,0,0
spring-projects/spring-boot,34835,closed,2023-04-02T17:11:59Z,2023-06-21T15:15:03Z,,1,5,1,921,18,0,0
doocs/advanced-java,324,closed,2025-09-11T06:11:19Z,2025-09-24T00:15:02Z,,4,3,1,5277,1,0,0
doocs/advanced-java,319,closed,2025-04-10T09:17:23Z,2025-04-10T23:36:11Z,2025-04-10T23:36:11Z,1,1,1,17,9,1,0
immich-app/immich,21740,closed,2025-09-09T17:36:58Z,2025-10-01T18:00:58Z,,0,0,0,3107,4,7,0
immich-app/immich,22526,closed,2025-10-01T06:25:00Z,2025-10-01T13:58:24Z,2025-10-01T13:58:24Z,7,6,1,55,1,3,0
MunGell/awesome-for-beginners,1723,closed,2025-09-17T18:37:20Z,2025-09-19T12:08:26Z,,7,0,1,124,1,0,0
MunGell/awesome-for-beginners,1693,closed,2025-08-21T09:14:51Z,2025-09-22T16:29:13Z,,10,0,1,0,1,0,0
microsoft/ML-For-Beginners,871,closed,2025-09-13T05:49:30Z,2025-09-13T12:50:44Z,,1,1,1,0,1,0,0
microsoft/ML-For-Beginners,823,closed,2025-06-14T17:44:53Z,2025-08-22T08:40:50Z,,8,8,1,389,3,0,0
microsoft/playwright,37671,closed,2025-10-01T20:31:43Z,2025-10-02T08:26:28Z,2025-10-02T08:26:28Z,1,1,1,0,3,0,0
microsoft/playwright,37673,closed,2025-10-01T21:15:56Z,2025-10-02T08:25:37Z,2025-10-02T08:25:37Z,1,1,1,0,3,0,0
google-gemini/gemini-cli,10255,closed,2025-09-30T18:40:14Z,2025-10-02T02:44:53Z,,4931,3724,130,1678,1,1,0
google-gemini/gemini-cli,10378,closed,2025-10-01T22:30:37Z,2025-10-02T01:36:50Z,2025-10-02T01:36:50Z,71,4,6,574,2,2,0
tensorflow/models,13543,closed,2025-02-27T06:03:11Z,2025-04-22T16:26:35Z,,38,0,7,1752,3,0,0
tensorflow/models,13547,closed,2025-03-07T17:25:52Z,2025-04-09T17:15:06Z,,572,305,2,8715,1,0,0
DopplerHQ/awesome-interview-questions,261,closed,2022-07-04T06:23:31Z,2025-07-04T11:18:23Z,,8,0,1,89,2,0,0
DopplerHQ/awesome-interview-questions,315,closed,2024-05-13T05:05:09Z,2025-01-05T13:52:32Z,,1,0,1,383,3,0,0
ByteByteGoHq/system-design-101,23,closed,2023-10-21T18:10:11Z,2024-03-02T17:06:08Z,,93,132,1,427,1,5,0
ByteByteGoHq/system-design-101,33,closed,2023-10-23T05:02:26Z,2023-10-26T04:56:29Z,,0,0,0,0,3,0,0
nomic-ai/gpt4all,3356,closed,2025-01-01T08:24:43Z,2025-08-01T09:31:13Z,,3462,1,3,710,2,0,0
nomic-ai/gpt4all,3467,closed,2025-02-06T07:41:00Z,2025-02-21T01:44:28Z,2025-02-21T01:44:28Z,175,174,2,758,8,0,0
syncthing/syncthing,10416,closed,2025-09-29T13:18:47Z,2025-09-29T19:20:45Z,2025-09-29T19:20:45Z,17,61,1,239,3,0,0
syncthing/syncthing,5906,closed,2019-07-28T14:33:26Z,2019-07-30T13:23:01Z,2019-07-30T13:23:01Z,4,10,1,148,6,0,0
clash-verge-rev/clash-verge-rev,4890,closed,2025-09-28T13:23:14Z,2025-09-30T06:19:49Z,2025-09-30T06:19:49Z,27,23,8,0,2,0,0
clash-verge-rev/clash-verge-rev,4842,closed,2025-09-23T13:09:32Z,2025-09-28T11:51:25Z,2025-09-28T11:51:25Z,6,6,1,9715,1,0,0
MisterBooo/LeetCodeAnimation,145,closed,2023-08-14T12:14:00Z,2023-12-14T19:49:41Z,,9,0,1,70,7,0,0
MisterBooo/LeetCodeAnimation,85,closed,2020-05-08T13:15:22Z,2020-05-09T00:51:42Z,2020-05-09T00:51:42Z,68,0,3,0,1,0,0
fighting41love/funNLP,78,closed,2022-09-05T05:44:21Z,2023-05-16T00:54:39Z,,1,0,1,638,2,0,0
fighting41love/funNLP,53,closed,2020-12-22T20:11:32Z,2022-09-03T08:52:58Z,,3,0,1,0,1,0,0
anuraghazra/github-readme-stats,4468,closed,2025-09-29T02:19:13Z,2025-10-01T19:20:32Z,2025-10-01T19:20:32Z,157,303,8,318,3,1,0
anuraghazra/github-readme-stats,4490,closed,2025-10-01T14:01:21Z,2025-10-01T20:40:26Z,2025-10-01T20:40:26Z,5,5,1,0,2,0,0
ruanyf/weekly,5920,closed,2025-01-13T03:04:17Z,2025-01-15T15:40:40Z,,6,0,1,23,1,0,0
ruanyf/weekly,5177,closed,2024-09-20T01:41:25Z,2024-09-20T03:06:37Z,2024-09-20T03:06:37Z,1,1,1,8,1,0,0
netdata/netdata,21084,closed,2025-10-01T21:30:32Z,2025-10-02T05:49:38Z,2025-10-02T05:49:37Z,30,10,1,378,0,1,0
netdata/netdata,21051,closed,2025-09-25T15:15:56Z,2025-10-01T11:42:58Z,2025-10-01T11:42:58Z,1,1,1,1483,1,0,0
FortAwesome/Font-Awesome,20726,closed,2025-07-24T09:24:50Z,2025-07-24T14:27:19Z,2025-07-24T14:27:19Z,2,2,1,306,1,0,0
FortAwesome/Font-Awesome,20793,closed,2025-09-08T19:19:37Z,2025-09-09T15:26:09Z,,21,0,1,317,0,3,0
louislam/uptime-kuma,6156,closed,2025-10-01T07:40:10Z,2025-10-01T17:20:32Z,2025-10-01T17:20:32Z,20,467,3,2012,3,0,0
louislam/uptime-kuma,6125,closed,2025-09-17T13:01:15Z,2025-09-30T10:50:37Z,2025-09-30T10:50:37Z,627,80,75,2037,9,10,0
vitejs/vite,20865,closed,2025-10-01T05:11:49Z,2025-10-02T02:10:57Z,2025-10-02T02:10:57Z,2,2,2,112,2,0,0
vitejs/vite,20847,closed,2025-09-26T18:05:28Z,2025-10-02T04:43:22Z,2025-10-02T04:43:22Z,12,3,2,2033,1,6,0
typicode/json-server,1650,closed,2025-09-15T08:03:33Z,2025-09-15T12:28:23Z,2025-09-15T12:28:23Z,2,0,1,982,1,0,0
typicode/json-server,1639,closed,2025-05-12T08:34:27Z,2025-09-01T16:27:16Z,2025-09-01T16:27:16Z,20,15,1,2077,1,0,0
elastic/elasticsearch,135776,closed,2025-10-01T13:54:35Z,2025-10-01T15:30:35Z,2025-10-01T15:30:35Z,50,4,4,499,8,4,0
elastic/elasticsearch,135788,closed,2025-10-01T16:50:11Z,2025-10-02T08:26:36Z,2025-10-02T08:26:36Z,74,12,1,247,5,0,0
hoppscotch/hoppscotch,5418,closed,2025-09-30T06:17:46Z,2025-09-30T12:13:13Z,2025-09-30T12:13:13Z,24,53,2,164,0,2,0
hoppscotch/hoppscotch,4785,closed,2025-02-25T01:20:35Z,2025-09-29T10:05:48Z,,107,1,5,1286,3,0,0
unionlabs/union,5214,closed,2025-10-01T20:29:42Z,2025-10-01T21:44:55Z,2025-10-01T21:44:55Z,6,1,2,0,2,0,0
unionlabs/union,5209,closed,2025-09-29T11:37:51Z,2025-10-01T10:25:17Z,2025-10-01T10:25:17Z,18,3,3,0,1,0,0
rasbt/LLMs-from-scratch,859,closed,2025-09-30T15:04:11Z,2025-10-01T15:47:11Z,,54,44,3,542,8,0,0
rasbt/LLMs-from-scratch,862,closed,2025-10-01T13:43:28Z,2025-10-01T15:47:04Z,2025-10-01T15:47:04Z,26,2,1,0,1,0,0
junegunn/fzf,3359,closed,2023-07-09T05:45:11Z,2025-10-01T03:11:56Z,,2,0,1,441,1,0,0
junegunn/fzf,4518,closed,2025-09-11T09:39:19Z,2025-09-29T09:11:19Z,2025-09-29T09:11:19Z,6,11,3,157,1,2,0
coder/code-server,7449,closed,2025-08-01T11:18:15Z,2025-10-01T11:03:08Z,,26,456,2,11859,1,0,0
coder/code-server,7495,closed,2025-09-18T05:55:24Z,2025-09-19T18:01:30Z,2025-09-19T18:01:30Z,2,2,2,19,2,0,0
sdmg15/Best-websites-a-programmer-should-visit,1932,closed,2024-09-08T16:51:34Z,2024-09-11T13:15:28Z,2024-09-11T13:15:28Z,1,0,1,508,2,0,0
sdmg15/Best-websites-a-programmer-should-visit,240,closed,2017-09-14T19:16:15Z,2017-09-14T20:38:07Z,2017-09-14T20:38:07Z,6,0,1,42,0,4,0
hacksider/Deep-Live-Cam,1387,closed,2025-06-27T17:09:09Z,2025-09-13T20:50:51Z,,1,1,1,138,1,1,0
hacksider/Deep-Live-Cam,1494,closed,2025-09-09T22:08:51Z,2025-09-10T02:37:12Z,,1,1,1,128,4,0,0
vuejs/awesome-vue,4287,closed,2025-08-12T13:01:27Z,2025-09-12T08:29:20Z,2025-09-12T08:29:19Z,1,0,1,1864,2,0,0
vuejs/awesome-vue,4290,closed,2025-08-22T11:32:10Z,2025-09-10T19:23:47Z,,1,0,1,1864,1,0,0
nestjs/nest,15711,closed,2025-10-01T22:24:18Z,2025-10-02T08:12:56Z,2025-10-02T08:12:56Z,2,2,2,1677,2,0,0
nestjs/nest,15710,closed,2025-10-01T10:56:55Z,2025-10-02T08:12:08Z,2025-10-02T08:12:08Z,3,3,3,3678,1,0,0
d2l-ai/d2l-zh,1235,closed,2022-12-29T08:00:49Z,2025-05-27T06:51:22Z,,92,2,1,46,3,0,0
d2l-ai/d2l-zh,1344,closed,2024-07-26T14:53:06Z,2025-02-03T03:15:56Z,,3,3,3,209,2,0,0
punkpeye/awesome-mcp-servers,1377,closed,2025-09-30T09:09:36Z,2025-09-30T11:01:25Z,2025-09-30T11:01:25Z,1,0,1,105,2,0,0
punkpeye/awesome-mcp-servers,1378,closed,2025-09-30T11:07:49Z,2025-09-30T13:40:40Z,2025-09-30T13:40:40Z,1,0,1,60,4,0,0
CompVis/stable-diffusion,36,closed,2022-08-19T16:02:29Z,2022-08-22T17:54:33Z,2022-08-22T17:54:33Z,28,2,1,402,7,4,0
CompVis/stable-diffusion,652,closed,2023-03-08T10:11:10Z,2023-12-26T17:03:33Z,,19,11,1,106,0,1,0
thedaviddias/Front-End-Checklist,682,closed,2025-04-08T07:25:05Z,2025-06-07T02:12:36Z,,5,0,1,747,3,0,0
thedaviddias/Front-End-Checklist,679,closed,2025-01-24T06:10:45Z,2025-05-24T02:09:25Z,,1,1,1,815,4,0,0
redis/redis,13806,closed,2025-02-16T12:39:37Z,2025-05-12T07:15:17Z,2025-05-12T07:15:17Z,2340,1754,44,8096,7,142,0
redis/redis,13923,closed,2025-04-06T10:20:20Z,2025-05-08T07:59:12Z,2025-05-08T07:59:12Z,364,137,15,799,10,21,0
Shubhamsaboo/awesome-llm-apps,351,closed,2025-09-26T12:16:41Z,2025-09-28T02:46:43Z,,2274,0,20,313,1,0,0
Shubhamsaboo/awesome-llm-apps,348,closed,2025-09-23T06:00:49Z,2025-09-23T23:53:44Z,,651,363,18,103,1,0,0
ventoy/Ventoy,593,closed,2020-11-17T13:11:33Z,2025-08-06T20:45:25Z,,91,94,1,1809,5,0,0
ventoy/Ventoy,3279,closed,2025-06-25T14:32:09Z,2025-07-07T17:45:43Z,,1,1,1,174,1,0,0
abi/screenshot-to-code,516,closed,2025-07-08T05:24:14Z,2025-07-08T14:58:59Z,,18860,5,19,27,1,0,0
abi/screenshot-to-code,501,closed,2025-03-15T14:56:50Z,2025-03-17T16:32:24Z,2025-03-17T16:32:24Z,15,15,4,361,2,0,0
moby/moby,51076,closed,2025-10-01T10:58:13Z,2025-10-01T18:17:06Z,2025-10-01T18:17:06Z,34,18,6,1038,0,2,0
moby/moby,51075,closed,2025-10-01T09:53:37Z,2025-10-01T15:26:18Z,2025-10-01T15:26:18Z,35,865,6,272,4,0,0
browser-use/browser-use,3095,closed,2025-09-12T19:07:43Z,2025-09-23T01:22:20Z,,183,12,4,2239,2,2,0
browser-use/browser-use,3084,closed,2025-09-11T20:01:42Z,2025-09-12T19:08:21Z,,171,0,4,2340,2,3,0
pallets/flask,5821,closed,2025-09-26T16:13:37Z,2025-09-28T23:00:05Z,,26,17,4,1069,5,0,0
pallets/flask,5806,closed,2025-09-06T15:30:59Z,2025-09-06T16:34:50Z,,1,1,1,200,2,0,0
swisskyrepo/PayloadsAllTheThings,796,closed,2025-10-01T14:45:04Z,2025-10-01T17:29:23Z,,137,0,1,183,1,0,0
swisskyrepo/PayloadsAllTheThings,794,closed,2025-09-19T09:48:16Z,2025-10-01T17:28:05Z,,28,23,3,382,1,3,0
grafana/grafana,111896,closed,2025-10-01T16:52:34Z,2025-10-02T08:29:11Z,2025-10-02T08:29:11Z,17,14,2,1092,1,0,0
grafana/grafana,111875,closed,2025-10-01T13:10:01Z,2025-10-02T07:54:26Z,2025-10-02T07:54:26Z,27,1,2,2587,1,0,0
enaqx/awesome-react,1497,closed,2025-09-19T12:18:44Z,2025-09-23T05:28:33Z,,1,0,1,493,1,0,0
enaqx/awesome-react,1484,closed,2025-07-20T11:26:46Z,2025-09-18T10:12:11Z,,1,0,1,650,2,0,0
tesseract-ocr/tesseract,4452,closed,2025-08-10T20:27:02Z,2025-08-15T21:00:54Z,2025-08-15T21:00:54Z,867,46,10,665,4,0,0
tesseract-ocr/tesseract,4450,closed,2025-08-10T03:28:20Z,2025-08-10T12:15:27Z,,542,0,1,1621,5,0,0
josephmisiti/awesome-machine-learning,1045,closed,2025-05-29T11:47:20Z,2025-06-16T19:06:49Z,2025-06-16T19:06:49Z,4,4,2,371,0,1,0
josephmisiti/awesome-machine-learning,1030,closed,2025-03-27T21:50:16Z,2025-04-12T20:30:19Z,2025-04-12T20:30:19Z,1,0,1,0,1,0,0
Developer-Y/cs-video-courses,450,closed,2025-08-07T05:13:41Z,2025-08-09T09:16:09Z,2025-08-09T09:16:09Z,2,1,1,151,1,0,0
Developer-Y/cs-video-courses,441,closed,2025-05-24T02:54:37Z,2025-05-24T11:50:00Z,2025-05-24T11:50:00Z,1,0,1,0,1,0,0
strapi/strapi,24477,closed,2025-09-29T22:53:05Z,2025-10-01T23:18:40Z,,108,13,2,1779,2,0,0
strapi/strapi,23481,closed,2025-05-06T19:53:27Z,2025-10-01T17:52:50Z,,62,61,56,902,3,0,0
hakimel/reveal.js,3807,closed,2025-07-11T11:19:16Z,2025-09-29T09:25:06Z,2025-09-29T09:25:06Z,1,1,1,151,2,0,0
hakimel/reveal.js,3810,closed,2025-08-05T02:48:20Z,2025-08-28T10:01:21Z,2025-08-28T10:01:21Z,7,1,1,629,2,0,0
modelcontextprotocol/servers,2748,closed,2025-09-22T13:46:04Z,2025-09-29T12:06:29Z,2025-09-29T12:06:29Z,1,0,1,2321,2,1,0
modelcontextprotocol/servers,2698,closed,2025-09-09T16:48:05Z,2025-09-29T12:05:18Z,2025-09-29T12:05:18Z,1,0,1,1746,1,1,0
binary-husky/gpt_academic,1782,closed,2024-05-12T06:39:47Z,2024-05-13T15:38:08Z,2024-05-13T15:38:08Z,516,295,5,636,5,0,0
binary-husky/gpt_academic,2131,closed,2025-02-05T07:04:39Z,2025-04-17T13:41:06Z,,111,3,2,290,8,0,0
protocolbuffers/protobuf,23637,closed,2025-09-25T15:21:36Z,2025-10-01T14:40:39Z,,0,0,0,16,0,1,0
protocolbuffers/protobuf,23628,closed,2025-09-24T21:30:32Z,2025-10-01T10:07:12Z,,9,9,3,192,1,0,0
sherlock-project/sherlock,2277,closed,2024-08-28T02:34:16Z,2024-11-11T22:19:19Z,2024-11-11T22:19:19Z,6,5,2,143,1,2,0
sherlock-project/sherlock,2549,closed,2025-09-20T18:57:19Z,2025-09-20T22:13:30Z,2025-09-20T22:13:30Z,126,8,4,63,7,0,0
python/cpython,129499,closed,2025-01-31T05:12:15Z,2025-01-31T07:42:33Z,,62,0,1,687,3,0,0
python/cpython,139364,closed,2025-09-26T15:40:45Z,2025-10-01T20:18:55Z,2025-10-01T20:18:54Z,627,6,5,137,8,4,0
swiftlang/swift,84607,closed,2025-10-01T03:30:30Z,2025-10-02T01:52:22Z,2025-10-02T01:52:22Z,1,1,1,192,1,0,0
swiftlang/swift,84605,closed,2025-10-01T02:50:16Z,2025-10-02T01:54:04Z,2025-10-02T01:54:04Z,4,2,2,263,2,0,0
Alvin9999/new-pac,1267,closed,2022-07-08T13:07:18Z,2022-07-20T03:51:05Z,,3,1,1,107,1,0,0
Alvin9999/new-pac,380,closed,2018-08-31T15:20:42Z,2021-06-30T05:07:38Z,,1,0,1,2,1,0,0
astral-sh/uv,16092,closed,2025-10-01T20:37:51Z,2025-10-02T07:40:25Z,2025-10-02T07:40:25Z,2,2,1,42,0,1,0
astral-sh/uv,16088,closed,2025-10-01T16:27:57Z,2025-10-01T20:57:50Z,2025-10-01T20:57:50Z,15,8,3,255,3,0,0
base/node,509,closed,2025-07-18T15:47:38Z,2025-07-18T17:27:10Z,,16,16,2,87,4,0,0
base/node,545,closed,2025-09-19T15:20:32Z,2025-09-23T18:21:48Z,2025-09-23T18:21:48Z,10,10,3,0,2,0,0
ocornut/imgui,8963,closed,2025-09-26T23:18:05Z,2025-09-29T13:46:02Z,,22,18,1,906,5,0,0
ocornut/imgui,8811,closed,2025-07-16T15:37:07Z,2025-10-01T16:40:11Z,,8,0,1,644,3,0,0
awesomedata/awesome-public-datasets,464,closed,2024-10-17T20:47:43Z,2025-08-27T19:26:08Z,,0,2,1,88,1,0,0
awesomedata/awesome-public-datasets,409,closed,2020-10-01T22:53:03Z,2025-04-05T22:47:58Z,,1509,467,2,36,1,0,0
apache/superset,35395,closed,2025-10-01T07:06:49Z,2025-10-02T07:10:37Z,,1,1,1,2258,3,0,0
apache/superset,35412,closed,2025-10-01T07:29:07Z,2025-10-01T22:18:51Z,,86,9,2,2219,3,0,0
localsend/localsend,2718,closed,2025-09-21T20:56:34Z,2025-09-22T00:32:29Z,2025-09-22T00:32:29Z,1,0,1,2284,1,0,0
localsend/localsend,2555,closed,2025-07-03T17:41:07Z,2025-07-09T20:32:59Z,2025-07-09T20:32:59Z,215,1,99,1065,9,0,0
openai/openai-cookbook,2151,closed,2025-09-18T00:24:20Z,2025-09-26T09:45:16Z,,647,271,2,2383,0,2,0
openai/openai-cookbook,2152,closed,2025-09-18T03:48:11Z,2025-09-26T09:45:17Z,,75,17,164,3628,0,1,0
Stirling-Tools/Stirling-PDF,4530,closed,2025-09-28T12:04:52Z,2025-10-01T19:22:05Z,2025-10-01T19:22:05Z,1156,132,16,1566,1,6,0
Stirling-Tools/Stirling-PDF,4500,closed,2025-09-25T20:41:17Z,2025-10-01T11:18:31Z,2025-10-01T11:18:31Z,645,7,7,1478,0,9,0
expressjs/express,6780,closed,2025-09-22T06:17:08Z,2025-09-25T05:20:45Z,2025-09-25T05:20:45Z,0,1,1,1919,2,0,0
expressjs/express,5819,closed,2024-08-09T04:50:07Z,2024-10-20T18:06:49Z,2024-10-20T18:06:49Z,50,0,1,0,2,4,0
PKUFlyingPig/cs-self-learning,788,closed,2025-08-30T08:32:31Z,2025-08-31T00:42:32Z,2025-08-31T00:42:32Z,6,2,2,137,1,0,0
PKUFlyingPig/cs-self-learning,784,closed,2025-08-18T16:25:21Z,2025-08-19T14:17:58Z,2025-08-19T14:17:58Z,2,2,2,0,1,0,0
twitter/the-algorithm,15990,closed,2025-09-13T20:29:11Z,2025-10-01T18:24:41Z,,7,4,1,816,2,0,0
twitter/the-algorithm,1967,closed,2024-01-23T17:27:37Z,2025-09-24T17:37:02Z,,1,630434,13791,303,17,3,0
obsproject/obs-studio,12534,closed,2025-08-23T15:09:31Z,2025-08-28T20:31:37Z,2025-08-28T20:31:37Z,19,19,1,3503,4,0,0
obsproject/obs-studio,2969,closed,2020-05-21T23:09:35Z,2025-09-27T05:40:04Z,,415,243,21,1114,14,4,0
caddyserver/caddy,7258,closed,2025-09-14T06:46:05Z,2025-09-26T16:50:15Z,2025-09-26T16:50:15Z,167,20,7,1859,5,10,0
caddyserver/caddy,7275,closed,2025-09-26T04:40:05Z,2025-09-26T07:14:48Z,2025-09-26T07:14:48Z,48,48,14,49,2,0,0
fffaraz/awesome-cpp,1710,closed,2025-09-19T22:45:52Z,2025-09-20T02:05:33Z,,1,0,1,196,1,0,0
fffaraz/awesome-cpp,1576,closed,2024-10-03T17:25:29Z,2025-05-15T15:01:05Z,2025-05-15T15:01:05Z,1,1,1,0,1,2,0
ansible/ansible,85805,closed,2025-09-04T09:18:30Z,2025-10-01T17:44:53Z,2025-10-01T17:44:53Z,23,16,5,301,9,0,0
ansible/ansible,85936,closed,2025-10-01T19:03:06Z,2025-10-01T21:33:22Z,2025-10-01T21:33:22Z,30,127,4,203,0,1,0
chartjs/Chart.js,12121,closed,2025-09-12T21:57:47Z,2025-09-19T16:57:40Z,,31,0,1,1436,0,2,0
chartjs/Chart.js,12120,closed,2025-09-10T21:04:51Z,2025-09-16T17:24:08Z,2025-09-16T17:24:08Z,2,2,1,1075,0,4,0
